course_slug,assessment_id,question_text,simplified_text,question_type,correct_answer,options,difficulty_level
digital_marketing,,Marketing aims to satisfy the customer and achieve what for the company?,Marketing satisfies customers and what for company?,multiple_choice,C,"[""Increase production costs"", ""Decrease market share"", ""Be profitable"", ""Reduce product quality""]",1
digital_marketing,,How is digital marketing primarily defined?,What is digital marketing?,multiple_choice,B,"[""Selling products exclusively online"", ""Applying marketing using technology"", ""Creating social media campaigns"", ""Only traditional marketing""]",1
digital_marketing,,What is the main purpose of marketing research?,What is marketing research for?,multiple_choice,B,"[""To advertise new products"", ""To collect and analyze information to solve a specific problem"", ""To directly sell to customers"", ""To manage company finances""]",1
digital_marketing,,What is the primary mission of branding?,What is branding's main job?,multiple_choice,D,"[""To set product prices"", ""To distribute products to stores"", ""To manage customer complaints"", ""To create a mental and emotional image of a product or service""]",1
digital_marketing,,How does market research differ from marketing research in terms of focus?,Market research vs. marketing research: What's their main difference?,multiple_choice,A,"[""Market research focuses on market size and segments, while marketing research can examine ad effectiveness and brand elements"", ""Market research focuses on ad effectiveness, while marketing research focuses on market size"", ""They are identical terms and can be used interchangeably"", ""Market research is only for online markets, marketing research is for traditional markets""]",2
digital_marketing,,What is the primary distinction between the roles of a Data Engineer and a Data Analyst in digital marketing?,Data Engineer vs. Data Analyst: What's their main difference?,multiple_choice,A,"[""Data Engineers define the setup for data collection, while Data Analysts work on prepared data to extract insights"", ""Data Engineers analyze data, while Data Analysts collect it"", ""Data Engineers only work with social media data, Data Analysts work with all data"", ""Data Engineers are senior to Data Analysts in all companies""]",2
digital_marketing,,How do email marketers ensure their strategy aligns with the company's overall message?,How do email marketers match company's message?,multiple_choice,C,"[""By working independently on all campaigns"", ""By only sending promotional emails"", ""By collaborating with the entire marketing team"", ""By focusing solely on customer acquisition""]",2
digital_marketing,,"What is the purpose of the ""Strategy"" stage within the strategic marketing plan?","What is the ""Strategy"" part of a marketing plan?",multiple_choice,D,"[""To define who will do what and when"", ""To analyze the current situation of the brand"", ""To set up reporting systems and follow-up meetings"", ""To outline how to move from the current situation to the desired objectives""]",2
digital_marketing,,"During a political campaign, messages are tailored to specific voter segments based on their psychological profiles. Which digital marketing technique is being applied?",Tailoring messages for specific voter groups. What technique is this?,multiple_choice,C,"[""Broad demographic advertising"", ""Mass media outreach"", ""Microtargeting"", ""General public relations""]",3
digital_marketing,,An SEO specialist identifies keywords with high monthly search volume and low difficulty. What is the next logical step in optimizing a website page for these keywords?,SEO finds good keywords. What happens next for the website?,multiple_choice,B,"[""Immediately launch paid ads for these keywords"", ""Create specific content for each keyword and strategically place them on the website"", ""Focus solely on improving website speed"", ""Ignore off-page SEO entirely""]",3
digital_marketing,,"A company explicitly states that ""every interaction with our service will be seamless and satisfying."" Which branding element is this company emphasizing?","Company promises 'easy, happy service.' What branding element is this?",multiple_choice,A,"[""Brand Promise"", ""Brand Values"", ""Brand Definition"", ""Brand Identity""]",3
digital_marketing,,"A social media group for a brand has many active members. The brand wants to ensure interactions remain positive and on-brand, even when customers are angry. Which role is primarily responsible for setting the guidelines for these interactions?",Who sets rules for social media groups to keep talks positive?,multiple_choice,D,"[""Content Writer"", ""Graphic Designer"", ""Media Buyer"", ""Community Manager""]",3
digital_marketing,,"In the context of the evolving marketing landscape, how has the relationship between traditional and digital marketing changed?",How did traditional and digital marketing change together?,multiple_choice,A,"[""They have become increasingly integrated, with digital often taking a primary role in some projects"", ""Digital marketing has completely replaced traditional marketing"", ""Traditional marketing now solely focuses on online ads"", ""Digital marketing is only used for small companies, traditional for large ones""]",4
digital_marketing,,"While both write content, what distinguishes a Copywriter's primary focus from a Content Writer's?",Copywriter vs. Content Writer: What's their main difference?,multiple_choice,B,"[""Copywriters write technical manuals, Content Writers write product names"", ""Copywriters focus on persuasive advertising and SEO, while Content Writers provide useful, informative, or entertaining content"", ""Copywriters only work for traditional ads, Content Writers only for digital"", ""Content Writers need high social intelligence, Copywriters need high IQ""]",4
digital_marketing,,What is the primary relationship between an Affiliate Marketing Manager and an Affiliate Marketer?,Affiliate Manager vs. Affiliate Marketer: How do they work together?,multiple_choice,C,"[""The Affiliate Marketer sets the overall policies for the program"", ""They both perform the same tasks but for different brands"", ""The Affiliate Marketing Manager sets policies and guidelines for the Affiliate Marketer to follow"", ""The Affiliate Marketer directly manages the Affiliate Marketing Manager""]",4
digital_marketing,,"A company wants to understand customer behavior both on and off its social media pages, including their website visits and purchases. Which type of data is most crucial for this comprehensive understanding?",Company wants to know customer online and offline actions. What data is key?,multiple_choice,D,"[""Only demographic data"", ""Geographic data"", ""Third-party data only"", ""Behavioral data (on-premise and off-premise)""]",4
digital_marketing,,"Why is the ""Control/Measurement Plan"" stage critical in a strategic marketing plan?","Why is the ""Control Plan"" important in marketing?",multiple_choice,A,"[""It defines KPIs, monitors results, and allows for adjustments and alternative plans if goals are not met"", ""It ensures that only traditional marketing methods are used"", ""It's where the initial budget is allocated"", ""It is solely focused on generating new ideas for content""]",5
digital_marketing,,"Given that visual content is highlighted as a powerful influence on audiences, why do large companies allocate a significant portion of their marketing budget to video ad production and distribution?",Why do big companies spend a lot on video ads?,multiple_choice,B,"[""Because video ads are the cheapest form of advertising"", ""To influence audiences powerfully and effectively"", ""To avoid traditional marketing altogether"", ""Because only small companies use text-based ads""]",5
digital_marketing,,"The transcript emphasizes that a digital marketing professional needs ""love of continuous learning."" Why is this skill particularly vital in the digital marketing field?",Why is always learning key for digital marketing?,multiple_choice,C,"[""Because the field rarely changes"", ""To avoid needing IT tools"", ""Due to the rapid and significant developments and changes in the field"", ""To specialize in only one narrow aspect of marketing""]",5
digital_marketing,,"If a brand wants to ensure potential customers perceive its identity through all five senses (sight, sound, touch, smell, and feel), which branding element would be most critical to meticulously develop?",What branding part helps customers use all senses?,multiple_choice,D,"[""Brand Definition"", ""Brand Values"", ""Brand Promise"", ""Brand Identity""]",5
embedded,,What is the CPU considered to be in any machine?,What is CPU called in a machine?,multiple_choice,B,"[""The Memory"", ""The Brain"", ""The Periphery"", ""The Bus""]",1
embedded,,What is the characteristic of volatile memory?,What happens to volatile memory data?,multiple_choice,B,"[""Data remains after power loss."", ""Data is lost after power loss."", ""Data can only be read."", ""Data can only be written once.""]",1
embedded,,What is the primary role of a device driver in an embedded system?,What does a device driver do?,multiple_choice,B,"[""Executes application logic directly."", ""Translates between application and hardware."", ""Manages memory allocation."", ""Controls the clock system.""]",1
embedded,,Which type of clock system provides the highest accuracy?,Which clock is most accurate?,multiple_choice,C,"[""RC"", ""Ceramic"", ""Crystal"", ""External""]",1
embedded,,"How does the `volatile` keyword primarily address the ""data inconsistency"" problem when accessing memory-mapped registers?",How does `volatile` fix data problems?,multiple_choice,A,"[""It prevents the compiler from optimizing away reads/writes to the register."", ""It stores the register value in a separate buffer."", ""It automatically refreshes the register's content."", ""It ensures the register is always read from ROM.""]",2
embedded,,What is the main benefit of using a configuration file in device driver design?,What is the main use of a config file?,multiple_choice,B,"[""To store application-specific logic."", ""To modify module behavior without changing its core implementation."", ""To define hardware circuit diagrams."", ""To manage memory addresses for peripherals.""]",2
embedded,,"In software design, what does ""modularity"" refer to?",What does modularity mean in software?,multiple_choice,B,"[""Combining all hardware drivers into a single file."", ""Grouping related information and functionality for a specific hardware component."", ""Using a single programming language for all modules."", ""Ensuring all modules have the same memory footprint.""]",2
embedded,,What is the primary function of the Fetch step in the CPU's lifecycle?,What is the first step of CPU's work?,multiple_choice,C,"[""To execute an operation on operands."", ""To understand the instruction format."", ""To retrieve the next instruction from memory."", ""To store the result in the accumulator.""]",2
embedded,,A developer needs to store temporary data that must be quickly accessible but can be lost if power fails. Which memory type would be most suitable?,"Need fast, temporary data storage. Which memory?",multiple_choice,B,"[""Mask ROM"", ""SRAM"", ""Flash Memory"", ""OTP ROM""]",3
embedded,,An embedded system requires concurrent instruction fetching and execution to achieve high performance. Which bus architecture best supports this?,Need fast CPU with concurrent tasks. Which bus?,multiple_choice,B,"[""Von Neumann"", ""Harvard"", ""Shared Bus"", ""Serial Bus""]",3
embedded,,"To allow an application to control a microphone's ""turn on"" and ""turn off"" functions, which specific file within its software driver would define these functions for external use?","Where do app-usable functions like ""turn on"" go?",multiple_choice,D,"[""Private File"", ""Configuration File"", ""Program File"", ""Interface File""]",3
embedded,,"If an embedded system needs to change its operating mode (e.g., from a counter to a timer) at runtime without requiring a full recompilation, which configuration technique is most appropriate?","Change mode at runtime, no recompile. Which config method?",multiple_choice,D,"[""Pre-build/Compile time"", ""Link time"", ""Post-build (Selectable)"", ""Post-build (Writable)""]",3
embedded,,Which statement accurately compares SRAM and DRAM based on cost and performance?,Compare SRAM and DRAM: cost and speed.,multiple_choice,C,"[""SRAM is smaller and cheaper, while DRAM is faster."", ""DRAM is smaller and faster, while SRAM is cheaper."", ""SRAM is smaller and faster, while DRAM is cheaper."", ""DRAM is smaller and cheaper, while SRAM is slower.""]",4
embedded,,Analyze the trade-offs between RC and Crystal clock systems regarding size and accuracy.,RC vs. Crystal clocks: size and accuracy?,multiple_choice,C,"[""RC is smaller and more accurate, while Crystal is larger and less accurate."", ""Crystal is smaller and more accurate, while RC is larger and less accurate."", ""RC is smaller but less accurate, while Crystal is larger but more accurate."", ""Crystal is smaller but less accurate, while RC is larger but more accurate.""]",4
embedded,,"A C program directly writes to a memory-mapped peripheral register. If the hardware circuit of that peripheral can independently change the value of the register, what type of problem can arise without proper handling?","Hardware changes register, C program reads. What problem?",multiple_choice,B,"[""Memory overflow."", ""Data inconsistency."", ""Stack corruption."", ""Infinite loop.""]",4
embedded,,Contrast Compiler Switches with Link Time configuration techniques regarding memory footprint and flexibility to change behavior after compilation.,Compiler vs. Link Time: memory and change flexibility?,multiple_choice,A,"[""Compiler Switches have a smaller memory footprint but less runtime flexibility, while Link Time uses more memory but allows runtime changes."", ""Link Time has a smaller memory footprint but less runtime flexibility, while Compiler Switches use more memory but allow runtime changes."", ""Both have the same memory footprint and flexibility."", ""Neither allows changes after compilation.""]",4
embedded,,"You are tasked with designing a software driver for a new temperature sensor. Which software design characteristic is paramount to ensure that the driver can be easily adapted and reused if the underlying hardware changes (e.g., a different temperature sensor model is used)?",Designing sensor driver. What helps reuse if hardware changes?,multiple_choice,C,"[""High Coupling"", ""Low Cohesion"", ""Modularity and Portability"", ""Direct Memory Access""]",5
embedded,,"When designing a memory-mapped register access mechanism in C for a complex peripheral with many related registers, which mapping method (Direct, Pointer, or Structure) offers the best balance of readability and type safety, especially for grouping registers logically?","For many related registers, which C mapping is best for clarity and safety?",multiple_choice,C,"[""Direct Address Mapping"", ""Pointer Mapping"", ""Structure Mapping"", ""Bit Masking""]",5
embedded,,A critical embedded system operates in an environment with significant temperature fluctuations and potential electromagnetic interference. Which clock system type would be the most suitable choice to ensure stable and accurate timing under these conditions?,"Stable clock needed for changing temperature, electrical interference. Which one?",multiple_choice,C,"[""RC Oscillator"", ""Ceramic Resonator"", ""Crystal Oscillator"", ""Internal RC""]",5
embedded,,An embedded system needs to allow its operating mode to be changed by an end-user via a debugger or flasher tool *after* the software has been deployed to the device. Which configuration parameter technique is the most appropriate for this requirement?,User changes device mode with debugger after deployment. Which config method?,multiple_choice,D,"[""Pre-build/Compile time"", ""Link time"", ""Post-build (Selectable)"", ""Post-build (Writable)""]",5
freelancing_khamsat,,What are the three main types of freelance platforms discussed in the course?,What are the 3 main kinds of freelance websites?,multiple_choice,A,"[""Project-based, Service/Gigs, and Marketplace"", ""Auction-based, Fixed-price, and Hourly"", ""Direct Client, Agency, and Hybrid"", ""Local, International, and Niche""]",1
freelancing_khamsat,,What is the minimum amount of money a freelancer must have in their Khamsat balance to initiate a withdrawal to PayPal?,What is the smallest amount you can take out from Khamsat?,multiple_choice,B,"[""$5"", ""$10"", ""$20"", ""$50""]",1
freelancing_khamsat,,For how many days do earnings remain in a 'pending' state on Khamsat before they become available for withdrawal?,How many days until Khamsat money is ready to take out?,multiple_choice,C,"[""7 days"", ""10 days"", ""14 days"", ""30 days""]",1
freelancing_khamsat,,Which payment method is exclusively used for withdrawing earnings from Khamsat?,What is the only way to get money out of Khamsat?,multiple_choice,B,"[""Bank Transfer"", ""PayPal"", ""Credit Card"", ""Western Union""]",1
freelancing_khamsat,,How does a 'Service/Gigs' platform like Khamsat fundamentally differ from a 'Project-based' platform like Guru or Mostaql?,How is Khamsat different from project-based freelance sites?,multiple_choice,A,"[""On Service/Gigs platforms, freelancers create and offer services for clients to buy, while on Project-based platforms, clients post jobs for freelancers to apply."", ""On Service/Gigs platforms, clients set the price, while on Project-based platforms, freelancers set the price."", ""Service/Gigs platforms focus on long-term contracts, whereas Project-based platforms focus on one-time tasks."", ""Service/Gigs platforms only allow digital products, while Project-based platforms allow both physical and digital.""]",2
freelancing_khamsat,,Why is it recommended not to deliver a service on Khamsat within the first 24 hours of a client's purchase?,Why wait 24 hours before delivering a Khamsat service?,multiple_choice,C,"[""To allow time for the client to provide detailed instructions."", ""To ensure the freelancer has enough time to complete the work thoroughly."", ""To protect against potential issues with clients using stolen or problematic PayPal accounts."", ""To allow Khamsat's moderation team to review the service details.""]",2
freelancing_khamsat,,What is the primary reason for a freelancer to verify their identity on Khamsat by uploading an ID and taking a selfie?,Why verify your ID on Khamsat?,multiple_choice,B,"[""To unlock higher service ranks immediately."", ""To allow clients to feel confident they are dealing with a real person."", ""To enable faster payment processing from Khamsat."", ""To gain access to premium features not available to unverified users.""]",2
freelancing_khamsat,,What action does Khamsat take if a client does not respond (neither accepts nor requests modifications) to a freelancer's 'receipt request' within the specified timeframe?,What happens if a client doesn't reply to a delivery request?,multiple_choice,B,"[""The service is automatically canceled, and the client is refunded."", ""Khamsat automatically accepts the service on behalf of the client, and earnings are released."", ""The freelancer must resubmit the service delivery request manually."", ""The client is given an extended period of 7 days to respond.""]",2
freelancing_khamsat,,"A freelancer wants to offer a service for 'writing an article' on Khamsat. To prevent their service from being rejected, what crucial detail must they include in the service description or title?",Selling an article service? What detail must you add to avoid rejection?,multiple_choice,C,"[""The freelancer's previous client testimonials."", ""The specific category and sub-category of the service."", ""The exact number of words for the article."", ""A link to their external portfolio.""]",3
freelancing_khamsat,,"A client has purchased a service on Khamsat. Before the freelancer can safely deliver the completed work and ensure they receive their earnings, what status must the service order display?",What status must a Khamsat order show before you deliver work?,multiple_choice,C,"[""\""Pending Review\"""", ""\""Pending Instructions\"""", ""\""In Progress\"""", ""\""Delivered\""""]",3
freelancing_khamsat,,"A freelancer has linked an EasyPay Visa card to their PayPal account. To avoid the $5 fee when transferring funds from PayPal to this card, when should they schedule the transfer?",When can you transfer PayPal money to EasyPay without a fee?,multiple_choice,B,"[""Any time during the first week of the month."", ""Only when the automatic transfer occurs at the beginning of the month."", ""After accumulating more than $100 in their PayPal balance."", ""During the last week of the month.""]",3
freelancing_khamsat,,"To increase visibility for clients who require immediate service and want to communicate with an active freelancer, which filter should a freelancer ensure applies to their Khamsat profile?",How can clients find you faster for urgent work?,multiple_choice,B,"[""Having a \""Distinguished Seller\"" rank."", ""Being \""Currently Online.\"""", ""Having a \""Verified Identity.\"""", ""Offering \""Service Development\"" options.""]",3
freelancing_khamsat,,Compare the fees and estimated delivery times for transferring funds from PayPal to a linked US bank account versus a linked Visa card.,US bank vs. Visa card: PayPal transfer fees and time?,multiple_choice,A,"[""US bank: 1 day, no fee; Visa card: 7 days, $5 fee."", ""US bank: 7 days, $5 fee; Visa card: 1 day, no fee."", ""Both: 1 day, no fee."", ""Both: 7 days, $5 fee.""]",4
freelancing_khamsat,,"A freelancer's service was rejected on Khamsat, and they feel the reason provided was unclear or incorrect. What is the most effective way to resolve this issue?","Service rejected, reason unclear. What's the best next step?",multiple_choice,C,"[""Delete the service and create a new one with a different title."", ""Immediately modify the service based on a guess and resubmit."", ""Reply to the rejection email to ask Khamsat's customer service for clarification."", ""Wait for a few days for Khamsat to automatically re-review the service.""]",4
freelancing_khamsat,,"How does Khamsat's ranking system (e.g., New Seller, Active Seller, Distinguished Seller) motivate freelancers to improve their performance and increase sales?",How do Khamsat ranks make freelancers work better?,multiple_choice,B,"[""Higher ranks unlock access to exclusive client projects."", ""Each higher rank provides more service slots and better features, encouraging sales."", ""Only \""Trusted Sellers\"" receive payments directly without pending periods."", ""Lower ranks are penalized with higher commission fees.""]",4
freelancing_khamsat,,"On Khamsat, a freelancer has sold 50 services, but only to 10 unique clients. How would the ""number of clients"" metric on their profile reflect this activity?",Sold 50 services to 10 people. How many clients show on your profile?,multiple_choice,B,"[""50 clients, as each service counts as a client interaction."", ""10 clients, reflecting the number of distinct individuals who made a purchase."", ""60 clients, combining both services and unique clients."", ""The number of clients would remain unlisted until 100 unique clients are reached.""]",4
freelancing_khamsat,,"When designing a new service for Khamsat, what is the most effective strategy to ensure it stands out, gets approved, and attracts buyers?",Best way to make a new Khamsat service sell well?,multiple_choice,C,"[""Using a vague title to appeal to a broad audience and offering the lowest price."", ""Copying a popular service title and description from another freelancer."", ""Creating a unique service idea, providing a clear, specific description, and showcasing a strong portfolio."", ""Focusing solely on a niche category with very few potential clients.""]",5
freelancing_khamsat,,A freelancer in Egypt wants to link a US bank account to their PayPal. They are considering both Payoneer and Wise (formerly TransferWise). What critical factor should they evaluate when choosing between these two services to avoid linking issues with PayPal?,Linking a US bank to PayPal in Egypt: Payoneer vs. Wise. What's key?,multiple_choice,B,"[""The minimum withdrawal amount from PayPal to the linked service."", ""The specific type of US bank account provided by Payoneer, as PayPal only accepts \""Community Federal Savings Bank.\"""", ""The monthly maintenance fees charged by each service for the US bank account."", ""The speed at which each service processes currency conversions from USD to EGP.""]",5
freelancing_khamsat,,"As an expert educational assessment designer, what is the best practice for a Khamsat freelancer to ensure clear communication and smooth service delivery, minimizing client requests for modifications?",How can freelancers deliver services smoothly and avoid changes?,multiple_choice,B,"[""Deliver the service as quickly as possible without waiting for full client instructions."", ""Provide a detailed service description and clear instructions for the buyer on what information is needed at the start."", ""Offer unlimited modifications as part of the basic service package."", ""Avoid direct communication with the client, relying solely on service descriptions.""]",5
freelancing_khamsat,,"Among the various strategies to increase service sales on Khamsat, which one offers the most sustainable long-term benefit for a freelancer's reputation and client acquisition?",Best long-term strategy for more Khamsat sales?,multiple_choice,B,"[""Constantly reducing service prices to be the cheapest option."", ""Focusing on unique service ideas and maintaining a strong, regularly updated portfolio with work samples."", ""Frequently changing service titles and descriptions to appear new in search results."", ""Only accepting clients who have a \""Distinguished Buyer\"" rank.""]",5
iot,,What is the primary characteristic that defines the 'Internet of Things'?,What makes something 'Internet of Things'?,multiple_choice,B,"[""Devices with large memory"", ""Devices connected to the Internet"", ""Devices that only use Wi-Fi"", ""Devices that are battery-operated""]",1
iot,,Which of the following is NOT listed as one of the five main categories of IoT applications?,Which is NOT a main IoT app type?,multiple_choice,B,"[""Smart Cities"", ""Gaming"", ""Medical Applications"", ""Home/Consumer Applications""]",1
iot,,What is the initial step in creating an IoT device to test an idea?,First step to test an IoT device idea?,multiple_choice,C,"[""Mass production"", ""Selecting a CPU"", ""Using a prototyping board"", ""Developing a real-time operating system""]",1
iot,,Which wireless technology is known for sending very small amounts of data over a very short distance (centimeters)?,Which wireless tech sends small data short distance?,multiple_choice,C,"[""LoRa"", ""ZigBee"", ""NFC"", ""Bluetooth Low Energy""]",1
iot,,Why are home/consumer IoT applications generally expected to have low revenue despite serving many devices?,Why do home IoT apps make little money?,multiple_choice,B,"[""They require expensive hardware"", ""Users expect them to be free of charge"", ""They use outdated wireless technologies"", ""They are difficult to develop""]",2
iot,,What is the primary trade-off when choosing a wireless technology that offers significant battery power saving for IoT devices?,What do you give up for long battery life in IoT?,multiple_choice,C,"[""Device size"", ""Processing power"", ""Bandwidth"", ""Security features""]",2
iot,,What is the main purpose of an IoT Application Enablement Platform (AEP)?,What does an IoT AEP mostly do?,multiple_choice,B,"[""To physically connect devices to the internet"", ""To simplify IoT application development on the cloud"", ""To manufacture IoT devices at scale"", ""To provide mobile phone applications""]",2
iot,,What distinguishes a 'real device' from a 'prototyping board' in IoT development?,How is a real IoT device different from a test board?,multiple_choice,B,"[""A real device uses standard USB connections"", ""A real device is designed for low power consumption and specific components"", ""A real device is only used for proof of concept"", ""A real device cannot be mass-produced""]",2
iot,,A city wants to implement a smart lighting system that allows remote control of streetlights and monitors their working hours and light intensity. Which IoT application category does this fall under?,City wants smart streetlights. What IoT type is this?,multiple_choice,C,"[""Home/Consumer Applications"", ""Medical Applications"", ""Smart Cities/Industries"", ""Mobility Applications""]",3
iot,,A company is developing a new artificial pancreas that will be implanted in diabetic patients for continuous glucose monitoring and insulin delivery. What is the most significant challenge this company will face regarding the device's power source?,New artificial pancreas. What's the biggest power problem?,multiple_choice,C,"[""Finding a large enough battery"", ""Ensuring the battery can be recharged frequently through surgery"", ""Designing for extremely long battery life without frequent recharging"", ""Connecting it to a constant external power supply""]",3
iot,,"An IoT developer is tasked with creating an application for tracking the movement of shipping containers across continents. Which component of the IoT value chain is critical for ensuring reliable data transfer over vast distances, including oceans and deserts?",Tracking shipping containers globally. Which part of IoT helps send data far?,multiple_choice,C,"[""Wireless Sensor Networks like ZigBee"", ""Fixed Ethernet Gateways"", ""Satellite Carrier Networks"", ""Bluetooth Low Energy""]",3
iot,,"A factory manager wants to monitor the quality of products, energy consumption, and resource usage on multiple production lines in real-time. Which IoT application category is most relevant for this scenario, and what kind of revenue can be expected from such applications?",Factory needs to watch production. What IoT type and money?,multiple_choice,B,"[""Home Applications, low revenue"", ""Smart Cities/Industries, high revenue"", ""Medical Applications, variable revenue"", ""Mobility Applications, moderate revenue""]",3
iot,,Compare the data handling capabilities of traditional databases (like Oracle) with those required for IoT big data. What is a key difference identified in the transcript?,How are IoT data needs different from normal databases?,multiple_choice,B,"[""Traditional databases are inherently designed for the high volume and velocity of IoT data."", ""IoT data requires storage that is elastic and can handle millions of queries per hour, unlike traditional disk-based databases."", ""Traditional databases are more efficient for distributed data."", ""IoT data typically has a much larger size per individual reading than traditional data.""]",4
iot,,"How does the 'Intel Inside' concept apply to IoT gateways, according to the transcript?",How does 'Intel Inside' work for IoT gateways?,multiple_choice,C,"[""Intel manufactures the entire gateway device"", ""Intel provides the operating system for the gateway"", ""Intel supplies boards with various modems to gateway manufacturers"", ""Intel is the sole provider of carrier networks for gateways""]",4
iot,,"What is the main distinction between the wireless technologies used *before* an IoT gateway (e.g., LoRa, ZigBee) and those considered *carrier networks* (e.g., SigFox, 3G/4G)?",How are wireless tech before a gateway different from carrier networks?,multiple_choice,C,"[""Technologies before the gateway are always high bandwidth"", ""Carrier networks only support short-range communication"", ""Technologies before the gateway are for device-to-gateway, while carrier networks transport data to the internet"", ""Only carrier networks can save power""]",4
iot,,"When comparing Narrowband IoT (NB-IoT) with SigFox, what is identified as an advantage of NB-IoT and a drawback of SigFox, respectively?",NB-IoT vs SigFox: what is better about NB-IoT and worse about SigFox?,multiple_choice,B,"[""NB-IoT has lower power consumption; SigFox has higher bandwidth."", ""NB-IoT has higher bandwidth; SigFox modems are cheaper."", ""NB-IoT offers global roaming; SigFox is limited to local networks."", ""NB-IoT modems are cheaper; SigFox has greater range.""]",4
iot,,"A developer is considering whether to use an Application Enablement Platform (AEP) for a complex IoT project involving millions of devices and real-time critical actions. Based on the transcript, what is the most compelling reason to use an AEP instead of building everything from scratch?",Should a developer use an AEP for a big IoT project? Why?,multiple_choice,B,"[""AEPs guarantee lower hardware costs for devices"", ""AEPs simplify development, offering scalability, reliability, and performance that are hard to achieve from scratch"", ""AEPs completely eliminate the need for programmers"", ""AEPs only support a single application protocol, simplifying integration""]",5
iot,,"When designing an IoT solution for monitoring soil moisture in remote agricultural fields, which wireless technology would be the most suitable choice, considering the need for long battery life and potentially long distances?","Best wireless tech for remote farm soil sensors, long battery?",multiple_choice,C,"[""Wi-Fi"", ""Bluetooth"", ""SigFox"", ""NFC""]",5
iot,,"A company is manufacturing smart home appliances (refrigerators, washing machines). To offer comprehensive IoT services, should they focus on developing all aspects of the IoT value chain themselves, or should they partner with an 'End-to-End System Integrator'?",Should a smart appliance company build all IoT parts or get help?,multiple_choice,B,"[""They should build everything themselves to maximize control"", ""They should only focus on the device manufacturing and leave the rest to an End-to-End System Integrator"", ""They should only develop the cloud application and outsource device production"", ""They should hire more programmers to cover all aspects""]",5
iot,,"A mobile network operator (MNO) is considering offering IoT connectivity. To compete with low-power wide-area network (LPWAN) providers like SigFox, what strategic modification to their existing LTE network would be most effective, according to the transcript?",How can mobile networks compete for IoT with low-power options?,multiple_choice,C,"[""Increase LTE bandwidth for all devices"", ""Develop a completely new network infrastructure"", ""Modify LTE to create Narrowband IoT (NB-IoT) with reduced power consumption and bandwidth"", ""Focus solely on providing 5G connectivity""]",5
python,,What is the official website for downloading Python?,Where can you download Python?,multiple_choice,C,"[""A. python.com"", ""B. python.net"", ""C. python.org"", ""D. python.app""]",1
python,,"What is the primary purpose of a ""docstring"" within a Python function?",What is a docstring for in functions?,multiple_choice,B,"[""A. To define the function's name."", ""B. To provide comments and documentation for the function."", ""C. To specify the return type of the function."", ""D. To declare global variables.""]",1
python,,What operation does the `+` symbol perform when used with two strings in Python?,What does `+` do with two text strings?,multiple_choice,B,"[""A. Addition"", ""B. Concatenation"", ""C. Subtraction"", ""D. Multiplication""]",1
python,,What keyword is used in Python to define the beginning of a function?,What word starts a function definition?,multiple_choice,D,"[""A. func"", ""B. define"", ""C. method"", ""D. def""]",1
python,,What is the primary difference between writing code in the Python Shell (IDLE) and writing it in a .py file?,Shell code disappears; file code can be saved.,multiple_choice,B,"[""A. Shell code is automatically saved, while .py files are not."", ""B. Code in the Shell is temporary and lost upon closing, while .py files can be saved and reused."", ""C. .py files allow for immediate execution of single lines, unlike the Shell."", ""D. The Shell is used for complex programs, and .py files are for simple commands.""]",2
python,,How does the integer division operator (`//`) differ from the regular division operator (`/`) in Python?,How is `//` different from `/` in math?,multiple_choice,C,"[""A. `//` returns the exact decimal result, while `/` returns only the whole number."", ""B. `//` only works with integers, while `/` works with all number types."", ""C. `//` returns the whole number part of the division, discarding any fractional part, while `/` returns the full decimal result."", ""D. `//` returns the remainder of the division, while `/` returns the quotient.""]",2
python,,"In Python, what is the significance of indentation (using 4 spaces or a tab) within `if`, `else`, or `while` statements?",Why is spacing important in if/else/while code?,multiple_choice,B,"[""A. It improves code readability but has no functional purpose."", ""B. It defines code blocks and indicates which statements belong to a specific condition or loop."", ""C. It speeds up the execution of the program."", ""D. It is used to add comments to the code.""]",2
python,,"When iterating over a string `s` using `for char in s:`, what value does the variable `char` hold in each iteration?",What does `char` mean in `for char in s`?,multiple_choice,C,"[""A. The numerical index of each character."", ""B. The length of the string `s`."", ""C. The character itself from the string."", ""D. A boolean value indicating if the character exists.""]",2
python,,What would be the output of `type(3.14)` in Python?,What type is `3.14`?,multiple_choice,C,"[""A. <class 'int'>"", ""B. <class 'str'>"", ""C. <class 'float'>"", ""D. <class 'bool'>""]",3
python,,Evaluate the following Python expression: `3 * (5 + 1)`.,What is `3 * (5 + 1)`?,multiple_choice,B,"[""A. 16"", ""B. 18"", ""C. 15"", ""D. 6""]",3
python,,"Consider the following code:
```python
x = 10
if x % 2 == 0:
    print(""Even"")
else:
    print(""Odd"")
```
What will be the output?","What does `x = 10`, `if x % 2 == 0` print?",multiple_choice,B,"[""A. Odd"", ""B. Even"", ""C. Error"", ""D. Nothing""]",3
python,,"What will be the final value of `n` after the following loop finishes execution?
```python
n = 0
while n < 3:
    n = n + 1
```","What is `n` after `n=0`, `while n < 3: n=n+1`?",multiple_choice,D,"[""A. 0"", ""B. 1"", ""C. 2"", ""D. 3""]",3
python,,"If you try to assign a value to a variable named `if` (e.g., `if = 5`), what kind of error would Python most likely produce?",What error if you name a variable `if`?,multiple_choice,C,"[""A. NameError"", ""B. TypeError"", ""C. SyntaxError"", ""D. ValueError""]",4
python,,Why does Python treat `a` and `A` as two completely different variables?,Why are `a` and `A` different variables?,multiple_choice,A,"[""A. Because Python is a case-sensitive language."", ""B. Because they belong to different data types."", ""C. Because `A` represents a global variable, while `a` is local."", ""D. Because `a` is for numbers and `A` is for text.""]",4
python,,"In a series of `if-elif-else` statements, if an `if` condition is true and its block is executed, what happens to the subsequent `elif` and `else` blocks?","If `if` is true, what happens to `elif` and `else`?",multiple_choice,C,"[""A. All subsequent `elif` and `else` blocks are also checked and executed if their conditions are met."", ""B. Only the first `elif` block is checked, and if true, it is executed."", ""C. The program immediately exits the entire `if-elif-else` structure and continues with the code after it."", ""D. The `else` block is always executed regardless of the `if` or `elif` conditions.""]",4
python,,What is the primary effect of using a `break` statement inside a `for` or `while` loop?,What does `break` do in a loop?,multiple_choice,B,"[""A. It skips the current iteration and moves to the next one."", ""B. It immediately terminates the loop and continues execution after the loop."", ""C. It restarts the loop from the beginning."", ""D. It pauses the loop indefinitely until a specific condition is met.""]",4
python,,"From a best practices perspective, why is it recommended to use descriptive names for variables (e.g., `velocity` instead of `x`)?","Why use clear names for variables, not just `x`?",multiple_choice,C,"[""A. Descriptive names make the program run faster."", ""B. Python requires all variable names to be descriptive for compilation."", ""C. Descriptive names improve code readability and understanding for others and for future self-reference."", ""D. Non-descriptive names can cause syntax errors.""]",5
python,,"When should you use `int(input(""Enter a number: ""))` instead of just `input(""Enter a number: "")`?",When should you use `int(input())`?,multiple_choice,C,"[""A. Always, as `input()` without `int()` will cause an error."", ""B. When you expect the user to enter text that needs to be treated as a string."", ""C. When the user's input is expected to be a whole number that will be used in arithmetic calculations."", ""D. Only when the input is a float number.""]",5
python,,What is the primary advantage of organizing code into functions?,Why put code into functions?,multiple_choice,B,"[""A. Functions automatically correct syntax errors."", ""B. Functions allow code to be reused multiple times without rewriting it, improving organization and maintainability."", ""C. Functions are only necessary for very simple programs."", ""D. Functions make the program's file size smaller.""]",5
python,,"In a scenario where you need to guess a number within a large sorted range (e.g., 0 to 100), why is the Bisection Search algorithm generally more efficient than a simple linear search (checking each number one by one)?",Why is bisection search better than guessing one by one?,multiple_choice,C,"[""A. Bisection search uses fewer variables, saving memory."", ""B. Bisection search guarantees finding the number in the first attempt."", ""C. Bisection search eliminates half of the remaining search space with each guess, drastically reducing the number of trials."", ""D. Linear search cannot be used for numbers in a range.""]",5
testing,,What is the primary purpose of software testing?,What is software testing about?,multiple_choice,B,"[""Writing code for new features."", ""Running software to try functions and user actions."", ""Designing the user interface."", ""Managing project timelines.""]",1
testing,,"In software testing, what term describes a deviation of the actual result from the expected result?",What is a software problem called?,multiple_choice,D,"[""An error."", ""A fault."", ""A failure."", ""A bug.""]",1
testing,,Who is primarily responsible for performing unit testing?,Who does the first software tests?,multiple_choice,C,"[""The end-user."", ""The project manager."", ""The developer."", ""The quality assurance team.""]",1
testing,,Which characteristic defines Black Box Testing?,What is Black Box Testing?,multiple_choice,B,"[""Testing with full knowledge of the internal code structure."", ""Testing based on user experience without seeing internal code."", ""Testing individual software components."", ""Testing interactions between integrated modules.""]",1
testing,,Why is discovering bugs in the early stages of software development considered beneficial?,Why fix problems early in software?,multiple_choice,B,"[""It allows for more complex features to be added later."", ""It is easier and faster to fix bugs in smaller units."", ""It reduces the need for user acceptance testing."", ""It guarantees 100% error-free software.""]",2
testing,,A developer writes code that incorrectly calculates the square of a number. This mistake in the code is best described as which term?,What is a code mistake called?,multiple_choice,C,"[""A failure, because it produces a wrong result."", ""An error, because it's a human mistake in coding."", ""A bug, because it's a problem in the software."", ""A defect, which is the same as a failure.""]",2
testing,,What is the primary purpose of a test suite?,What is a test suite for?,multiple_choice,C,"[""To document individual test steps."", ""To execute a single test case."", ""To group related test cases for a specific module."", ""To report a single bug to the developer.""]",2
testing,,What is the main idea behind the Equivalence Partitioning technique?,How does Equivalence Partitioning work?,multiple_choice,B,"[""To test every single possible input value."", ""To divide input data into valid and invalid groups and test a representative from each."", ""To only test the boundary values of an input range."", ""To create an infinite number of test cases for comprehensive coverage.""]",2
testing,,"A software specification states that a zip code field is required but does not specify the exact error message text. The developer implements a message that says ""Error"". What type of bug is this, according to the provided lessons?",What bug is an unclear error message?,multiple_choice,C,"[""A software bug, because the message is too short."", ""A functional bug, because the field is still required."", ""A software specification bug, because the requirement was incomplete."", ""A critical bug, because it impacts user experience.""]",3
testing,,"A website has two identified issues: (1) a button color is incorrect, and (2) users cannot log in to access their accounts. Which issue should receive Priority 1?",Which problem needs fixing first?,multiple_choice,B,"[""The incorrect button color."", ""The inability for users to log in."", ""Both should receive Priority 1."", ""Neither, as these are minor issues.""]",3
testing,,"During test case execution, a tester reaches a step that requires clicking a ""Make Payment"" button, but the button is missing from the interface. How should the tester classify this test case?",What if a button is missing during testing?,multiple_choice,C,"[""Pass, because the software didn't crash."", ""Fail, because the expected action couldn't be performed."", ""Blocked, because the test cannot proceed."", ""Inconclusive, needing further investigation.""]",3
testing,,"A main module needs to call a smaller function that hasn't been developed yet. To proceed with top-down integration testing, what should the tester use for the undeveloped function?",What helps test a main part if a small part isn't ready?,multiple_choice,B,"[""A driver."", ""A stub."", ""A complete code rewrite."", ""An external document.""]",3
testing,,"A tester is working on the acceptance testing phase of a new e-commerce website. Which testing technique would be most appropriate for this phase, and why?",What test is best for final user checks?,multiple_choice,B,"[""White Box Testing, because it focuses on internal code structure."", ""Black Box Testing, because it mimics the end-user's perspective without code knowledge."", ""Unit Testing, because it ensures individual components work."", ""Integration Testing, because it checks module interactions.""]",4
testing,,"If a software project uses a Bottom-Up Integration Testing approach, what type of dummy code is typically employed, and what does it simulate?",What dummy code is used in Bottom-Up testing?,multiple_choice,D,"[""Stubs, to simulate higher-level modules."", ""Drivers, to simulate lower-level functions."", ""Stubs, to simulate undeveloped functions called by the main module."", ""Drivers, to simulate the main program calling tested units.""]",4
testing,,A team is performing System Testing. Which of the following activities would fall under non-functional testing?,Which is a non-functional test?,multiple_choice,B,"[""Verifying that a login button successfully authenticates users."", ""Checking how the system performs under a heavy load of simultaneous users."", ""Confirming that all calculations in a financial module are accurate."", ""Ensuring that data entry fields correctly accept valid inputs.""]",4
testing,,"If a test case procedure includes redundant steps and hardcoded values that might change, what is a likely consequence for future testing efforts?",What happens if test steps are bad?,multiple_choice,C,"[""It will significantly reduce the number of required test cases."", ""It will make bug discovery easier and faster."", ""It will lead to wasted time in updating test cases for small software changes."", ""It will guarantee more reliable and accurate test results.""]",4
testing,,"To improve the maintainability of test cases, which action is considered a best practice when dealing with frequently repeated blocks of steps, such as creating a new user account?",How to make repeated test steps easier to manage?,multiple_choice,C,"[""Rewrite the full block of steps in every test case where it's needed."", ""Omit these steps entirely, assuming the tester knows them."", ""Externalize these steps into a separate document and link to it in the test case."", ""Reduce the number of test cases to avoid repetition.""]",5
testing,,"A software development team is building a complex system where the lowest-level modules are stable and well-understood, but the higher-level GUI is still under heavy development. Which integration testing approach would be most efficient in this scenario?","Which testing order is best for stable small parts, changing big parts?",multiple_choice,C,"[""Big Bang, to test everything at once."", ""Top-Down, to focus on the GUI first and then integrate smaller modules."", ""Bottom-Up, to build confidence from stable lower layers upwards."", ""Random integration, to find bugs unpredictably.""]",5
testing,,A tester aims to find as many bugs as possible by pushing the software to its limits with unexpected inputs. This approach aligns with which test case objective?,What test goal tries to break the software?,multiple_choice,C,"[""Test to Pass, ensuring basic functionality."", ""Test to Confirm, verifying bug fixes."", ""Test to Fail, using strategies to discover flaws."", ""Test to Automate, for efficiency.""]",5
testing,,"When testing a numerical input field that accepts values from 1 to 100 (inclusive), combining Equivalence Partitioning (EP) and Boundary Value Analysis (BVA) leads to an optimal number of test cases. What is this optimal number and why?",How many tests for numbers 1-100 using EP and BVA?,multiple_choice,C,"[""3, because EP covers the valid, above, and below ranges."", ""6, because BVA tests all boundary points and adjacent values."", ""5, because EP covers the valid range and BVA handles boundaries, with some overlap."", ""7, to include a random value from the valid range.""]",5
ux,,"In the Egyptian job market, which UX profile is most commonly sought after by companies?",Which UX job is most wanted in Egypt?,multiple_choice,B,"[""UX Writer"", ""UI UX Designer"", ""UX Researcher"", ""UI Designer""]",1
ux,,Which attribute of User Experience focuses on whether a product or service fulfills a user's needs or solves a problem?,What UX quality means a product helps users or solves problems?,multiple_choice,C,"[""Usable"", ""Findable"", ""Useful"", ""Desirable""]",1
ux,,"According to the ""Elements of User Experience,"" which element is primarily concerned with defining the features and requirements of a product?",Which UX element defines a product's features and needs?,multiple_choice,B,"[""Strategy"", ""Scope"", ""Structure"", ""Surface""]",1
ux,,"What type of wireframe is described as a quick, hand-drawn sketch, not focused on details, primarily for personal ideation?","What are quick, hand-drawn wireframes called?",multiple_choice,C,"[""High-fidelity"", ""Medium-fidelity"", ""Low-fidelity"", ""Polished""]",1
ux,,"What is a primary disadvantage for a UX designer working in a service company, as mentioned in the transcript?",What's a bad thing about being a UX designer in a service company?,multiple_choice,B,"[""Lack of project diversity"", ""Limited feedback channel with users"", ""Inability to build a portfolio quickly"", ""Seldom working with diverse teams""]",2
ux,,"Why is it stated that ""UX design is not about technology"" in the context of denying UX myths?",Why is UX design not just about technology?,multiple_choice,C,"[""UX only applies to digital products"", ""UX is only about aesthetics"", ""UX applies to any life experience, not just digital"", ""Technology is a minor part of UX""]",2
ux,,"What is the main purpose of creating a ""Persona"" during the user research phase?","Why do UX designers make ""Personas""?",multiple_choice,B,"[""To identify specific individual users"", ""To transfer user feedback and image to the team"", ""To simplify user interviews"", ""To replace direct user interaction""]",2
ux,,"What is the significance of ""white space"" in visual design, despite being empty areas?",Why is empty space important in design?,multiple_choice,B,"[""It allows for more graphics and text"", ""It helps users focus and read content"", ""It indicates a lack of design elements"", ""It makes the design look unfinished""]",2
ux,,A user attempts to change their car seat position but finds the controls confusing and takes a long time to figure them out. Which UX attribute is primarily being violated?,Car seat controls are confusing. Which UX quality is missing?,multiple_choice,B,"[""Useful"", ""Usable"", ""Findable"", ""Desirable""]",3
ux,,"A product manager tells the UX designer that users should be able to ""track their package."" The designer asks for more details about how tracking will work (e.g., email confirmation vs. GPS). What is the designer trying to avoid?","Designer asks for details on ""package tracking."" What problem are they trying to stop?",multiple_choice,C,"[""Stakeholder interviews"", ""Scope creep"", ""Ill-defined scope"", ""Information architecture""]",3
ux,,"A user clicks a submit button on a form, but nothing happens on the screen. The user is confused about whether their input was accepted or if there was an error. What interaction design principle is being violated?","User clicks submit, nothing changes. What design rule is broken?",multiple_choice,B,"[""Using known elements"", ""Providing feedback"", ""Preventing errors"", ""User flow""]",3
ux,,A mobile application asks a user to remember a specific code from one screen and then input it into a text field on a subsequent screen. Which best practice for effective UX design is being disregarded?,App makes user remember a code for next screen. What good design rule is ignored?,multiple_choice,C,"[""Reduce steps"", ""Visual explanations"", ""Don't make users remember"", ""Allow undo""]",3
ux,,"A UX designer working on an existing e-commerce website decides to change the color and placement of payment buttons without understanding their original purpose. This change unexpectedly leads to a decrease in payment completion rates. This scenario best illustrates which concept regarding the ""Elements of User Experience""?",Changing payment buttons causes fewer sales. What does this show about UX elements?,multiple_choice,C,"[""Surface changes only affect aesthetics"", ""Elements are isolated and don't affect each other"", ""Decisions in one element can impact others, even 'Strategy'"", ""Visual design is independent of business goals""]",4
ux,,"During stakeholder interviews, a marketing manager identifies that a key ""differentiator"" for their product is a unique ""wallet"" feature that competitors lack. How does understanding this differentiator directly contribute to the ""Strategy"" element of UX?",Knowing what makes a product special helps with which UX element?,multiple_choice,C,"[""It helps define specific features for the 'Scope' element"", ""It informs the visual design choices in the 'Surface' element"", ""It clarifies what value the product offers to users and why they choose it"", ""It dictates the number of pages in the 'Structure' element""]",4
ux,,A user lands on a product page within an e-commerce website and is unable to quickly determine their current location within the site's hierarchy or how to return to the main category. Which navigation design principle is most likely lacking?,User is lost on a website page. What navigation rule is missing?,multiple_choice,C,"[""Providing filter features"", ""Ensuring correct expectations"", ""Using visual indication of current location"", ""Reducing steps for tasks""]",4
ux,,"Why is ""usability testing"" considered a crucial step before full development and delivery of a final product, even if it adds a phase to the process?",Why test usability before building the whole product?,multiple_choice,C,"[""To ensure the visual design is perfect"", ""To gather user feedback on specific UI elements only"", ""To identify and fix user problems at a lower cost than post-launch"", ""To guarantee all features are implemented correctly""]",4
ux,,"A UX designer enjoys working on varied projects and building a portfolio quickly. Based on the transcript, which type of company would be the most suitable environment for this designer?",Designer likes varied projects and fast portfolio building. What company type is best?,multiple_choice,B,"[""A startup focused on a single brand"", ""A service company working with multiple clients"", ""A freelance role with limited learning opportunities"", ""A large corporation with specialized roles""]",5
ux,,"A designer is creating a web page with many different elements. To ensure the design feels organized and interconnected, what visual design principle should be prioritized?",Many elements on a page. What design rule makes it look neat and linked?,multiple_choice,C,"[""Emphasis"", ""White Space"", ""Alignment"", ""Sequencing""]",5
ux,,"A website makes it easy for users to subscribe to its service but creates a very complex, multi-step process involving customer service contact to cancel the subscription. Which ""Dark Pattern"" is this website most likely employing?","Easy to sign up, hard to cancel. What bad design trick is this?",multiple_choice,C,"[""Privacy Zuckring"", ""Misdirection"", ""Roach Motel"", ""Forced Continuity""]",5
ux,,"When observing users interacting with a product, a designer notices that while users claim to have no problems, they take significantly longer than average to complete certain tasks. What is the best action for the designer to take based on this observation?","Users say no problems, but tasks take too long. What should the designer do?",multiple_choice,C,"[""Dismiss the observation as users are happy"", ""Trust the users' verbal feedback over observation"", ""Differentiate between verbal feedback and actual observed behavior to identify issues"", ""Immediately redesign the entire task flow without further analysis""]",5
